,V1,V2,V3,V4,V5,V6,V7,V8,V9,V10,V11,V12,V13,V14,V15,V16,V17,V18,V19,V20,V21,V22,V23,V24,V25,V26,V27,V28,V29,V30,V31,V32,V33,V34,V35,V36,V37,V38,V39,V40,V41,V42,V43,V44,V45,V46,V47,V48,V49,V50
V1,-9.643822e-05,0.17277728,0.20399424,0.36415944,-0.25263497,-0.19022937,-0.31901366,0.26104465,0.36487362,0.22462168,0.42938554,-0.1910437,-0.29318675,-0.27645478,-0.012262448,0.24633124,-0.37661743,0.22400805,-0.21053955,0.092031695,-0.23777822,0.35599023,-0.13321458,0.02953345,-0.40240958,0.022003813,-0.31434542,-0.022514213,-0.0194972,-0.37403333,0.02908093,0.37574843,-0.058406096,-0.015247742,0.0050555984,-0.03610448,-0.06106668,0.019682279,0.010799259,0.043610886,0.017819263,-0.18039443,0.06287204,0.0062421416,0.01900866,0.032955166,0.12933579,0.0006786981,-0.017168973,-0.013105766
V2,2.0711386e-06,-6.645936e-05,-0.06630437,-0.17596787,-0.30288544,0.3450957,-0.24350205,-0.25013056,-0.24450433,-0.14313018,-0.2973751,-0.26564616,-0.217007,-0.2167389,0.036524426,0.28650066,-0.038469996,0.259191,-0.13549982,0.35249773,-0.10206273,0.0121254055,0.3499644,0.015788032,-0.103717886,-0.00024444514,-0.35987857,-0.0031808426,-0.10134439,0.0068679233,0.011712047,0.117642365,0.19983011,-0.33216125,0.0075308634,-0.20217323,0.027174726,-0.02580955,-0.0063699144,0.14398362,-0.012366811,-0.014113193,0.022309538,-0.2417452,-0.0008855668,0.008426949,0.0043617305,-0.0032295182,-0.010056176,-0.005183229
V3,2.2190285e-05,-2.1596037e-05,-6.35448e-05,-0.20618582,-0.16801207,-0.28174946,-0.11144117,-0.38831747,-0.27124712,-0.24570209,0.22377075,-0.2624424,0.28715676,-0.019416949,-0.15610205,-0.017945027,-0.008022992,0.35297453,0.33502403,-0.3133568,-0.1355276,0.02515967,0.37072027,-0.161728,-0.22940694,0.02366978,0.0680932,-0.0058469228,-0.012650111,0.0291165,0.001643029,-0.017002745,0.21856335,0.014822343,0.1948663,-0.14341336,-0.00017013223,-0.087701805,0.005164291,-0.0528033,0.011396829,0.00037086022,-0.00083993684,0.018352458,0.001429728,-0.013310586,-0.013951892,0.00071508385,-0.00071983685,-0.008191283
V4,2.9842367e-05,6.881839e-05,-2.0553945e-05,-3.553277e-05,-0.19153011,-0.1282032,-0.2735754,0.24861266,-0.382131,0.18404816,-0.4468361,-0.24645828,-0.008811032,-0.16955243,0.06360376,0.020210842,-0.36903095,-0.21753736,0.20437528,0.011132676,-0.32174128,-0.21522719,0.36832842,0.20540985,0.038381066,-0.0024974155,0.42082942,-0.01638127,-0.025276655,-0.32025638,-0.38694608,0.09832741,-0.021586703,0.009366792,0.27710292,0.03172483,0.0076587726,0.03220347,-0.0046696407,-0.08198881,0.00298274,0.0023064273,-0.084447324,0.0058500296,-0.019021189,0.16905542,0.0023537166,-0.01699322,-0.13636343,0.009864083
V5,-4.9320985e-05,2.1964277e-05,2.5686959e-05,-4.796238e-05,-3.3232263e-05,0.0048144325,0.003860606,-0.3027186,0.0076512704,-0.20565385,0.0015708901,-0.005576053,0.39422742,0.004149869,-0.008233462,-0.012712576,0.12277303,-0.013866905,0.023056915,0.00082966103,-0.002249055,-0.0016140525,0.023714317,0.0018371008,-0.020590248,0.0008115807,-0.00046526376,0.0026263332,6.250736e-05,-0.00028468753,0.008735386,-0.00044229548,0.062148828,-0.0021498029,-0.00082054053,0.002569696,0.006813712,0.0010437804,5.4139437e-05,-0.026327461,-0.0033619378,-0.0016988069,0.08308943,-0.007912452,0.0015871059,0.00015590798,0.027717873,0.005321537,-0.0017115738,0.004160362
V6,1.886116e-05,-3.360219e-05,-5.420135e-05,3.603665e-05,3.9119772e-05,-3.8362185e-05,-0.22497284,-0.29838237,-0.36448026,-0.20942558,0.22582918,0.45388874,-0.21445258,-0.0028873107,0.01825245,-0.035668667,-0.002634656,-0.044612262,0.0029063537,0.0134830745,-0.22542097,-0.25780517,0.028635345,-0.027072378,-0.0064496407,0.38970464,-0.01109559,-0.037008896,-0.0053632837,0.02414934,-0.025079977,0.002232625,-0.0007939589,0.4074149,0.027699549,-0.011094387,0.015736418,-0.0069824797,0.011852105,-0.43139082,0.011882253,0.014745877,-0.05842473,0.0076399767,-0.0022889879,0.0010962358,0.028186519,-0.014054217,-0.009038441,-0.03759514
V7,2.0143614e-05,8.1308235e-07,1.0755596e-05,-9.6553355e-05,9.925092e-06,1.6267992e-05,-4.5129458e-05,-0.2904987,0.24933435,0.15857202,0.0010674857,0.006588604,-0.37343684,0.2381248,-1.101875e-05,-0.011116838,-0.005833142,-0.12970878,0.29460436,0.0023093112,0.0058581205,0.34619075,-0.3343267,-0.00061295775,0.04861926,-0.009463487,-0.046907704,0.00642752,0.00074172847,0.0043037003,-0.001065818,0.007844278,-0.5085503,-0.030355753,-0.03955621,-0.0029133507,-0.003675789,0.0060286047,0.0018358256,0.059670515,-0.004792185,0.06445055,-0.0006285074,-0.19666988,0.0038128465,-0.00012488232,-0.0070088413,-0.0042613265,-0.0028249503,-0.00044323615
V8,3.3460114e-05,2.8222265e-05,-3.9137485e-05,4.5445508e-05,5.921413e-05,-2.5463812e-06,4.6837486e-05,-6.994355e-06,0.4369958,-0.008524981,-0.00093174505,0.25726962,-0.35703543,-0.02852743,0.0029627208,0.010224672,-0.053023957,-0.08890325,-0.006299108,-0.017409604,-0.00039757846,0.00010384933,-0.0027464349,0.0015048598,0.031773884,0.004085861,0.0521346,-0.0065763416,0.004736714,0.40052792,0.36127993,0.0044561094,-0.04641867,-0.0001849339,-0.0037912915,-0.007819624,0.0023032695,0.2554718,-0.040334597,0.0052544074,-0.0025053488,0.005513881,-0.0040725474,0.0046251058,-0.008071688,-0.00092005316,0.0032594162,0.002196184,-0.0040622344,-0.0061954176
V9,-3.8695885e-05,-5.366014e-05,4.9418202e-05,-4.4004223e-06,-2.4545396e-05,4.3446023e-05,2.3431594e-05,-1.0416004e-05,3.9828345e-05,0.32492656,-0.0030209443,-0.3567097,0.23025806,0.0016130186,-0.0076449933,-0.039921813,0.2776029,-0.21262227,-0.2599,0.0012483457,0.2599188,-0.30137387,-0.22857939,-0.23015231,0.008496792,-0.13693573,0.2000891,0.015598116,0.0132402945,-0.0058006737,0.004538808,0.31119657,0.176915,0.2782914,-0.022207923,0.0027043808,-0.018012334,-0.015766002,0.007534114,0.038674198,-0.02675804,0.005525871,0.0032096205,0.28124797,-0.0056052944,-0.31752655,0.25329348,0.005436847,0.005130906,0.0036129183
V10,1.5718826e-05,-1.5274662e-06,4.234635e-05,2.2833257e-05,-3.516352e-05,4.9887418e-05,7.429619e-06,-5.2678377e-05,3.0250056e-05,-1.9117637e-05,1.8732324e-05,0.015451926,-0.002225367,7.905144e-05,-1.8728299e-05,0.41142192,0.00033393738,-0.006465092,0.0059795133,-3.5901728e-06,6.165259e-05,-0.13703004,0.02396051,-6.36405e-05,4.2907e-05,0.012326349,-0.05166551,-3.958981e-05,-7.777818e-06,-3.0692863e-05,3.321791e-05,0.023571799,1.3235324e-05,9.388969e-05,-0.0054969615,0.40999317,1.0865818e-05,2.8147884e-05,2.1586005e-05,0.002470199,-0.00030700964,6.6000575e-06,5.5445173e-07,0.011127643,1.622127e-05,5.4485194e-05,-0.0061582793,-3.1264142e-05,9.818157e-05,1.6995602e-05
V11,8.382447e-05,-2.8093653e-05,-1.1687955e-06,7.802684e-06,8.491731e-06,-3.5782115e-05,1.0170889e-05,-2.0272199e-05,-2.6795822e-05,-5.193632e-05,-3.5508936e-05,-0.23468024,-0.007453541,-0.00015807753,-0.0030481147,-0.002421518,0.0020958201,0.001523942,-0.0007432243,-0.0032652393,-0.00070263253,0.0037228183,0.002541526,0.0023174314,-0.0195084,-0.08365806,-0.017155824,0.001126899,0.0006656925,0.19667155,-0.35902262,-0.0035070581,0.0013817302,-0.0018252516,0.011930678,-0.0091521675,-0.0035028073,-3.8667407e-05,0.0033762953,0.0005924524,0.0011649794,-0.0019456357,0.017932665,0.0010062479,0.20065877,0.005387585,0.0055092145,0.00027528065,-0.0046391683,-0.00035932363
V12,-3.2736614e-07,8.4493055e-05,4.9633814e-05,-2.6937369e-05,-6.7601004e-06,1.7776645e-05,5.3848715e-05,1.7521215e-05,5.0490206e-07,-1.1410348e-05,2.8851518e-05,-6.716488e-05,-0.0077748615,0.0016690393,0.009399451,-0.008657641,0.011850825,0.3480383,-0.005904106,0.00047255887,-0.00021562012,0.0009830215,0.0024779076,-0.0023995605,0.0044815014,0.035290405,0.00032783177,-0.010346991,-0.001368624,0.0019217568,0.41077685,-0.012901289,-0.012767821,-0.021763468,-0.2030118,0.27767932,-0.2089706,0.0076494343,0.2648611,-0.0025950847,0.2958875,0.0061717452,-0.092068784,0.00038762955,-0.0007738021,0.0005472948,-0.00648631,0.20746076,1.4626036e-05,0.0015848487
V13,3.1033876e-05,-2.3117229e-05,-6.164358e-05,-2.7973163e-05,-2.1983278e-05,6.019041e-05,-6.0772927e-05,5.433426e-06,-7.851455e-06,9.684981e-06,8.511248e-07,4.2859705e-05,-0.00024759644,0.23785265,-4.7398313e-05,0.0018288805,-0.0036492434,0.00035338476,0.17593227,0.00020117889,0.022741554,0.19054706,-1.2839916e-05,-0.004106687,0.00030072514,0.0021752534,-0.0018307689,0.22021703,-3.1418796e-05,8.070156e-06,4.845574e-05,-0.006579954,0.00025022315,1.02933345e-05,1.8475415e-05,-1.0247327e-05,-4.7317386e-05,4.4344997e-05,-6.1530234e-05,2.6482969e-05,-1.8206087e-05,4.325443e-05,1.7836732e-05,2.273671e-05,8.358684e-06,-2.3064018e-05,-1.3114864e-05,-6.427054e-06,-3.9384326e-05,4.172866e-05
V14,-5.3692067e-05,1.2219972e-05,5.0167782e-05,-3.482247e-05,-4.6124833e-06,2.2714972e-05,-4.5176836e-05,4.121582e-06,1.1275515e-06,-1.3642102e-05,-1.0978621e-05,6.0811053e-05,-9.322308e-05,2.9780113e-05,-5.2982916e-05,-2.4605964e-05,-0.0035863917,9.640515e-05,0.010526228,-7.626126e-05,0.004390002,-8.636547e-06,0.0005082447,1.8871919e-05,-6.612586e-05,-2.6794545e-05,3.1041916e-05,1.7886314e-05,5.5173998e-05,5.843089e-05,9.9378785e-06,-0.017209727,2.8507893e-05,1.9416797e-05,9.575596e-06,-3.0482059e-05,9.404285e-06,7.5925636e-05,-3.208068e-06,1.8374609e-06,3.572693e-05,6.537073e-06,-4.712722e-05,5.3424417e-05,7.135873e-05,-2.6667503e-05,-6.564234e-05,-8.215649e-06,-1.0382669e-06,2.595392e-05
V15,-2.7265894e-05,5.543855e-05,1.5472591e-05,1.6884533e-05,2.9379004e-05,-2.133605e-05,3.5804685e-05,-4.555723e-05,3.19027e-06,3.683941e-05,-3.2255857e-06,-1.763913e-05,-6.962202e-05,6.71826e-05,-3.514319e-05,0.00024314415,0.0020406595,0.19739169,0.00015833718,0.0018426619,-2.0217614e-05,-0.0019119083,0.00066948286,-0.00029508967,0.0005603731,-0.0005739935,-6.581819e-05,0.00062612805,-2.4851499e-05,-0.21187297,0.0037676017,7.143594e-06,-3.9395778e-05,0.00012938435,-0.0017032385,-0.007952821,0.0022620896,2.9907635e-05,-0.0010643458,-0.2346079,-0.012929599,5.609184e-05,-0.00032238237,-0.00016176153,0.0021982617,-4.5183853e-05,5.2327403e-05,4.5141922e-05,2.1213375e-05,-2.9497869e-05
V16,-3.5951874e-05,-1.6665685e-05,4.4136057e-05,2.4011924e-05,1.8556018e-05,3.7783517e-05,-5.4251203e-05,-6.5022105e-05,3.9981158e-05,-6.8123336e-05,2.0779555e-05,7.28545e-05,5.474094e-05,-2.2668087e-06,-3.268031e-05,-2.8800927e-05,-0.00027491254,-9.687585e-06,-0.24700403,-0.0021518157,2.4883897e-05,-1.3607761e-05,2.2855893e-05,-2.729585e-05,0.0009823252,-2.6680073e-05,-6.9890834e-06,-1.8567636e-05,-2.5171335e-05,3.6204536e-05,-1.5116068e-05,0.028302012,5.087044e-05,-1.658166e-05,-6.221054e-05,-3.6550384e-05,7.231582e-05,-2.0342448e-05,3.246809e-05,-2.41958e-05,3.296796e-05,6.192559e-05,-5.765486e-05,-7.517393e-06,-1.2738536e-05,5.447364e-05,1.9962517e-05,-4.936396e-05,2.085008e-05,-1.0181668e-05
V17,3.1209085e-05,1.2109542e-05,-4.3521977e-05,-3.1656866e-05,8.330551e-05,-3.056754e-05,-1.14535615e-05,-1.0682346e-06,7.5204545e-05,-0.0001081899,1.565274e-05,9.8372635e-05,3.892527e-07,-4.6816433e-05,5.2748248e-05,3.8658665e-05,-3.2303247e-05,4.1640895e-05,2.671378e-05,-5.866161e-05,-0.009210551,7.790592e-06,0.020405559,-3.740044e-05,2.5922262e-05,9.604968e-06,1.30608705e-05,-3.959334e-06,5.0437713e-05,3.4286644e-05,2.3649625e-05,-2.5487981e-05,5.6249764e-06,1.2152632e-05,-4.7722606e-06,-5.3812895e-05,2.6627924e-05,1.69319e-05,-4.898264e-05,-4.467595e-05,1.9498246e-05,1.5985328e-05,8.861513e-06,9.5725765e-05,-8.5653426e-08,-2.556264e-06,2.0230778e-05,6.1054266e-06,1.924401e-05,1.698951e-05
V18,-7.642027e-06,-9.265959e-06,1.801697e-06,-2.401645e-05,2.971087e-05,6.1837105e-05,-3.63132e-05,-2.5190255e-05,-3.5371646e-05,-2.6008101e-05,2.3070882e-06,-0.000153322,9.185906e-06,1.5075186e-05,2.2744407e-05,-7.4289e-05,2.1711849e-05,-0.00011072581,-0.00015505946,-4.336155e-05,-4.9156202e-05,4.8384773e-05,0.0038637791,-1.4527694e-05,3.5846344e-06,1.480097e-05,0.0028475525,-3.2870605e-05,-6.571887e-05,1.3325673e-05,2.2494803e-05,8.274667e-06,-6.855496e-05,2.9400202e-05,-2.666429e-05,7.3783967e-06,3.5673103e-05,4.704808e-05,1.8757599e-05,-3.7514248e-05,-3.192426e-05,-4.1515646e-05,-2.166694e-05,3.546726e-05,-2.8457187e-05,-1.4616512e-05,-4.274556e-05,2.6118232e-05,4.75015e-05,1.2556154e-06
V19,-4.757586e-05,-2.6517178e-05,-4.7874782e-05,-8.499766e-05,1.0239454e-05,-6.6624554e-05,-3.039011e-05,3.759241e-05,7.82714e-05,-1.5302532e-05,8.777466e-06,6.3080435e-05,-4.1393992e-05,-1.324528e-06,3.491491e-05,2.6085438e-06,-7.188794e-05,5.2365885e-05,8.514904e-08,-0.25732663,-6.794277e-06,0.00011199973,8.442051e-05,-3.510013e-05,-0.00046375822,3.3734007e-06,-0.002446864,-3.6142275e-05,-1.749343e-05,-3.8038237e-05,2.5071158e-05,0.0059606424,0.001361559,3.6642854e-05,1.5651864e-05,3.0016176e-05,-2.596314e-05,-1.588639e-05,-3.199867e-05,1.3031874e-07,-1.55972e-05,-2.1358464e-05,6.738287e-05,-3.5059726e-05,-1.1787563e-05,-8.76765e-05,-3.0354828e-05,4.964122e-05,-2.0303625e-05,2.5291347e-05
V20,-1.561177e-05,4.8710115e-07,4.171038e-05,8.241587e-06,-2.568306e-05,4.9526675e-06,-4.021554e-05,1.6549344e-05,-2.8097622e-06,-2.032431e-05,5.320484e-05,-6.119307e-05,5.135699e-05,-2.5620371e-05,-2.2792461e-05,-1.0464778e-05,-1.1765371e-05,3.067427e-05,-4.2278778e-05,-1.9157127e-05,7.054522e-05,5.1735715e-05,1.837542e-05,-2.779541e-05,-1.1362965e-05,-5.374728e-05,-0.011814309,4.8039146e-06,2.1968684e-05,-2.1761827e-05,3.580992e-05,0.00045083498,-1.2382152e-05,-7.856344e-06,-7.643471e-08,-8.460681e-05,-0.00010102052,7.14665e-05,6.057476e-05,4.8321002e-05,2.261764e-05,3.3138172e-06,-6.075006e-05,-2.1018379e-05,6.1369174e-06,2.4973673e-05,8.703343e-05,-1.358627e-05,1.8561139e-05,4.2009404e-05
V21,-1.1624232e-06,3.663937e-05,1.2843537e-05,-6.3634965e-05,-3.1948308e-05,8.988467e-05,4.157707e-05,1.7006043e-05,-0.00011408057,-1.4711057e-05,2.533358e-05,3.5975012e-05,-1.2846796e-05,1.4648838e-06,-5.9180955e-05,3.1728396e-05,-5.5706823e-06,4.8205402e-05,-1.783957e-05,-8.071056e-06,-2.588879e-05,-0.00055646943,-0.010525608,-0.0028280672,-0.001347602,0.0055424073,0.0058642873,2.991205e-05,-9.2615755e-06,0.0013872042,4.683211e-05,-0.008971719,-7.289989e-05,0.0034529178,5.006805e-05,0.000556177,-5.1058228e-06,-9.491122e-07,-1.0640776e-05,-0.3975518,-2.3163071e-05,-0.0005205656,-6.612737e-05,-0.007321131,-1.6991129e-05,-0.0015499769,-0.0129244905,-1.968338e-05,-1.6954999e-05,3.7177753e-05
V22,2.3034148e-05,-3.514317e-05,-1.417013e-05,-4.5715362e-05,5.4550183e-05,-2.015785e-05,-3.1375577e-05,1.546898e-05,4.70037e-05,5.384915e-05,-2.4894252e-05,5.6173547e-05,1.5479556e-05,2.2898386e-05,-3.0367817e-05,-4.3942426e-05,-2.0947466e-05,0.00011551358,-8.639508e-05,1.5033223e-05,1.03067305e-05,1.5898593e-05,-7.426412e-05,2.3687482e-05,-2.5477031e-05,-0.0041105766,3.31715e-05,5.9356098e-05,-3.61458e-05,4.5673305e-06,0.001113318,1.6983313e-05,3.4005116e-05,-4.0968534e-05,5.8995442e-06,0.0071587893,-7.739412e-05,0.00027264102,2.7060285e-05,-1.544292e-05,-6.87374e-05,-4.7892795e-06,4.3489817e-05,1.8787232e-05,3.0203388e-05,7.0803966e-05,8.629651e-06,-1.7510674e-05,2.461009e-05,-3.9899487e-06
V23,1.34488155e-05,6.0069637e-05,-1.1413847e-05,-5.8576557e-06,-1.4344875e-05,-4.069753e-05,7.3920214e-06,-5.703443e-06,-4.280081e-05,-5.410673e-05,-3.9253802e-05,5.803278e-05,-4.9466333e-05,1.7735178e-05,-1.5156844e-05,-2.9915434e-05,1.0823677e-05,4.1446343e-05,2.2315577e-05,-8.5089836e-05,-1.3621904e-05,6.224385e-05,-0.00030232812,-0.0010433794,0.012204783,0.0012543366,0.00039793146,-8.789901e-05,-3.6317982e-05,-2.5476495e-05,-6.805182e-05,3.1288702e-05,-0.022381391,0.0039297277,1.6115064e-05,0.009099462,4.0516974e-05,-8.487324e-06,-1.848912e-05,-0.00028864865,-2.217216e-05,-0.00020044037,-1.9836665e-05,3.206458e-05,-1.3895445e-05,0.0029127635,1.1774992e-05,1.630717e-05,2.1231817e-05,7.419644e-05
V24,6.74303e-05,-2.5247324e-05,5.0121263e-05,6.7569716e-05,7.4949e-06,-5.629019e-06,-4.747242e-05,2.6888407e-05,4.596059e-05,-1.3239956e-05,2.3765804e-05,-1.2141656e-05,-1.7123368e-05,1.5619544e-05,-4.7851176e-05,-8.484348e-06,-2.2283033e-05,3.5452096e-05,5.2109677e-05,8.9524896e-05,3.1003623e-05,-2.220008e-05,2.6009577e-05,2.1310634e-05,-4.385491e-05,0.007159445,-6.990541e-05,4.563373e-05,-9.735361e-05,-5.963246e-06,-1.4456434e-05,2.3627132e-05,7.079892e-05,3.8074973e-06,-3.176958e-06,-3.378459e-05,2.2212786e-05,-5.3372314e-05,-3.8538215e-05,2.4959072e-05,-5.0522973e-05,-3.5154004e-05,0.0013985672,-0.011273256,1.9516461e-05,0.0012926373,5.4085598e-05,-4.2614414e-05,-6.002715e-05,2.1333168e-05
V25,4.0531686e-05,5.905248e-06,7.069572e-05,4.181209e-05,5.5310134e-05,1.0253141e-05,3.8636466e-05,2.0879646e-05,-4.416969e-05,1.6205964e-05,4.399144e-05,-5.2768573e-05,-8.157834e-05,-2.1221374e-05,-3.256332e-05,2.2751332e-05,2.7241444e-05,4.5626675e-05,1.0603543e-05,-6.697433e-05,-4.5541972e-05,-2.1114876e-07,6.109405e-05,-2.92406e-05,1.3204621e-05,-4.0430852e-05,-0.0058000726,-3.2228738e-05,-1.0550518e-05,3.056584e-05,-8.6055465e-05,-0.010676345,-0.008034392,4.2148462e-05,1.5966047e-05,-0.28635457,8.819624e-06,-1.324926e-05,-2.3177585e-05,-3.2809053e-06,-3.5693454e-06,0.0010759969,2.249692e-05,-3.455157e-05,3.632075e-06,2.0448708e-05,2.2634375e-05,4.5424833e-05,2.3817951e-05,7.425442e-05
V26,-1.7160895e-05,-7.721419e-06,-3.171738e-05,-1.0918999e-05,3.9419476e-05,-0.00010177368,-3.7097543e-06,-8.0354985e-06,1.2926412e-05,-3.6929247e-05,3.670452e-05,-2.948785e-05,-1.0460832e-05,4.9076403e-05,3.2266555e-06,-0.00010297637,2.7155076e-05,3.7349368e-05,5.932821e-05,-0.000118701566,-1.2400806e-06,3.0791616e-05,-0.00015853456,2.1943019e-05,4.027413e-05,7.943848e-06,0.007001054,-7.060093e-05,5.654855e-06,9.78119e-05,-0.0020291093,-0.0012787632,-7.070275e-05,7.0986556e-05,3.641635e-05,7.5465496e-06,-7.307749e-07,3.542606e-05,2.5467813e-05,-0.0082810335,-4.1689073e-06,3.636932e-05,-3.2841544e-05,-0.013138148,2.2516859e-05,-7.827069e-06,5.842135e-05,-1.2985856e-05,-1.9186888e-05,4.7627185e-05
V27,-1.0669619e-05,3.620192e-05,3.359335e-05,5.6242847e-05,-1.7787404e-05,6.87585e-05,-1.8922543e-05,-3.899038e-05,-6.459159e-05,-1.1333317e-06,1.8380882e-05,2.5126613e-07,-4.7782243e-05,-3.987017e-05,-9.493627e-06,-2.5115865e-05,-4.116952e-06,-1.2770631e-05,3.586864e-05,6.1863706e-05,2.0955806e-05,6.281108e-05,3.681991e-05,2.3657747e-05,-7.3581636e-05,-3.6772213e-05,5.2986856e-05,3.1940394e-06,-1.684918e-05,-2.1422962e-05,-4.30055e-05,1.8130317e-05,-2.0432977e-05,5.9980364e-05,-1.3550119e-05,0.003127516,-1.0814178e-05,-2.9766461e-05,4.775537e-07,8.560861e-06,-4.072578e-05,2.3636201e-05,2.7287671e-05,0.027056338,1.2775021e-05,-3.8940925e-05,2.1168562e-06,2.617722e-05,6.053711e-05,5.121408e-05
V28,-2.4032302e-06,4.09539e-05,1.9207486e-05,-1.1064068e-05,-3.8922983e-07,4.2489387e-06,3.2440483e-05,-1.3445548e-05,4.0249488e-05,3.941713e-05,1.2304981e-05,-1.9530675e-05,-5.4032703e-06,-5.2381616e-05,-5.7996716e-05,4.397052e-05,-3.873789e-05,5.2470157e-05,-4.083945e-05,2.8630093e-05,1.0142232e-05,1.802726e-05,-4.369653e-05,-1.984037e-05,-1.2426722e-05,5.018756e-05,2.8635815e-05,5.0114046e-05,4.0038674e-05,8.775453e-06,3.5926623e-05,-0.06832803,0.000105217485,-5.7414272e-06,-1.9051413e-05,3.7019898e-05,-5.5526947e-05,2.3679384e-05,-4.481308e-05,-3.2741777e-05,-0.0031948222,-1.5740085e-05,6.961962e-05,-0.0053262757,-8.634442e-06,-4.6705525e-05,2.9371547e-05,1.9776195e-05,-0.0546438,3.332002e-05
V29,-5.0121694e-06,-1.4289383e-06,1.8580138e-05,-9.0299345e-06,-1.8524324e-05,1.3649825e-05,-6.2960057e-06,-4.3466167e-05,1.168495e-05,-7.052368e-05,-2.530097e-05,6.8840454e-05,1.0630588e-05,-4.580879e-06,2.950736e-05,2.6947817e-05,-3.7018282e-05,-8.719512e-05,-7.589959e-05,-5.8881218e-05,-9.545322e-07,2.099834e-06,-3.4080393e-05,-1.9860385e-05,-1.7936703e-06,-4.469269e-07,7.497706e-05,-8.177299e-06,1.2964721e-06,-7.719728e-05,1.3199221e-05,0.012796074,-0.020598954,2.282146e-05,-2.8628247e-05,-2.186086e-05,-4.2853466e-05,-2.8866214e-05,-9.1896574e-05,-2.0507773e-06,1.1976033e-05,-1.6310234e-05,5.6500103e-05,0.030082071,5.1899784e-05,-8.51823e-06,2.958835e-05,-1.3131251e-05,1.30205735e-05,3.2140717e-05
V30,1.677768e-05,2.5442352e-05,-2.2644777e-05,3.3638247e-05,2.6842832e-05,-5.4369033e-05,-1.2553734e-05,-9.2499555e-05,-8.680548e-06,-3.703913e-05,6.7860074e-06,1.7009565e-05,4.253863e-06,-1.6919481e-05,8.326956e-05,-4.9717346e-06,-2.5647658e-05,-9.818565e-05,-2.2964728e-05,-1.8069635e-05,6.4443984e-06,-4.857175e-05,-1.4852436e-05,-2.2391856e-05,-5.2788673e-05,8.66971e-05,5.5357654e-05,-2.634401e-05,1.9716499e-05,2.7279077e-05,-0.000118429896,0.011589883,-9.4001254e-05,-0.18935905,2.9054157e-05,3.4820084e-06,2.8071734e-05,1.9426983e-05,-4.1561612e-05,7.977736e-06,5.4689845e-06,2.4972325e-05,3.4549277e-05,3.3198343e-05,-2.8379227e-05,-2.8090919e-05,-3.0087594e-05,-1.1212919e-05,5.4841792e-05,-3.8220584e-05
V31,-6.2520285e-06,6.997024e-05,3.4802884e-05,7.858582e-05,-5.830026e-05,8.02305e-05,1.8213936e-05,-3.7867572e-05,-7.3807105e-06,3.545666e-05,1.2209053e-05,-5.216134e-05,2.7599302e-05,3.7935508e-05,-3.0456878e-05,-4.6875368e-05,-1.9687307e-06,3.3307842e-05,-5.145406e-05,1.3929173e-05,2.5948237e-05,7.8858975e-06,2.9121085e-05,-3.4337576e-05,-3.9727267e-05,5.47069e-06,-3.4516892e-05,4.2984782e-05,-1.8128581e-05,-1.257295e-05,-2.7314629e-05,-7.247151e-05,2.0316817e-05,-1.3311843e-05,-0.03759097,1.9270914e-05,-2.970427e-05,4.997373e-06,0.0021150406,3.4217297e-05,-0.0009532434,4.769251e-05,-1.0194904e-05,1.0801386e-05,-7.85573e-06,1.2445084e-05,2.0398295e-05,-2.687931e-05,3.4216297e-05,-3.7089994e-05
V32,-6.3441505e-05,2.8326345e-05,4.4092165e-05,6.5399854e-06,-2.7957898e-05,-3.73114e-05,-9.325506e-06,-5.552821e-05,3.755915e-05,3.727308e-05,-1.198725e-05,4.778823e-05,-2.391121e-05,3.5690908e-05,-4.7359972e-05,-2.4863642e-05,-9.6213935e-06,-3.80119e-05,-1.0339664e-05,2.4949586e-05,1.9768984e-05,2.4445933e-05,-2.5717378e-05,2.3316934e-05,4.198474e-05,-1.3213829e-05,-7.140161e-05,-3.810287e-05,-6.173889e-05,2.5345385e-05,4.977594e-06,1.57859e-06,0.013459201,-6.436019e-06,-1.4884033e-05,-0.00010409199,4.0140883e-05,-3.122855e-05,1.2308098e-05,0.016511323,-5.6863635e-05,-0.012525725,1.5537172e-06,1.9769668e-05,-3.6466605e-05,-4.1482654e-05,6.100677e-05,2.6526372e-05,4.2470172e-05,-3.771124e-05
V33,-2.7324224e-05,-3.5500245e-05,-1.958249e-05,7.037113e-05,3.4539822e-05,-5.2052284e-05,2.4806885e-05,5.538038e-06,4.9067476e-05,-2.1325477e-05,-3.186008e-05,-6.131997e-05,-0.00012033082,-5.2886535e-05,6.466801e-05,3.9669307e-05,-2.0222285e-05,2.494519e-05,-4.3534816e-05,4.8168164e-05,-3.9208575e-05,2.5780717e-05,4.2632117e-05,-6.282455e-07,2.1514414e-05,-1.0051775e-05,1.6153557e-05,-1.7861466e-06,-4.9426966e-05,2.7053713e-05,1.8427465e-05,-7.7161196e-05,1.143179e-05,7.124892e-08,2.86914e-06,-5.4002e-05,4.0224146e-05,-7.0422255e-05,-4.467304e-05,2.3802884e-05,3.2362626e-05,-0.3116005,4.6304955e-05,-3.0333007e-05,-1.3093387e-05,-3.8025108e-05,5.8172725e-07,-2.5876723e-05,2.6878432e-05,-3.673989e-05
V34,-1.0651694e-05,-8.142825e-05,3.448585e-05,-2.9811901e-05,5.6775385e-05,-4.64394e-05,6.6512303e-06,1.53426e-05,2.4540766e-05,7.422785e-05,-5.1833504e-05,2.0443273e-05,7.1445643e-06,-1.2017848e-05,-7.471409e-05,2.4875777e-05,3.451736e-05,9.2158596e-05,-1.5097096e-05,-1.651973e-05,3.5724202e-05,-1.2225515e-05,-0.00012819802,-5.9922942e-05,-5.562761e-05,-1.978849e-05,-4.464631e-05,-3.728691e-05,-2.7260772e-05,1.2799531e-05,-4.7045807e-05,-1.9511761e-05,-2.4222958e-05,-2.8629735e-05,-6.907483e-07,0.001366047,2.1948824e-06,-6.464702e-05,-1.36652525e-05,0.026333982,2.0203097e-05,2.5016781e-05,-3.2003576e-05,-0.011277603,-5.177593e-05,2.7169757e-05,-1.4849551e-06,-9.730113e-06,-7.2601188e-06,6.3370708e-06
V35,8.405065e-05,5.1829247e-06,-4.7086938e-05,-1.0209769e-05,-1.9596937e-05,-1.5090487e-05,-5.1687995e-05,-4.881845e-05,-1.7954164e-05,-3.853586e-05,2.394074e-05,8.697071e-06,4.2473166e-05,-3.060342e-05,3.5009154e-05,2.0644078e-05,7.430276e-05,1.871218e-05,3.3928674e-05,-5.897582e-05,3.2481625e-05,3.8502974e-05,-9.293213e-05,-1.8307242e-05,-3.4738187e-05,-5.5487544e-05,5.5855016e-05,-2.5478172e-05,3.122104e-05,3.0427724e-05,-3.7876704e-05,6.993349e-05,-3.2465276e-05,3.5801462e-05,1.2020677e-05,2.112489e-05,2.5592437e-05,8.008987e-06,-4.3480372e-06,-0.008823393,1.633565e-05,1.3231626e-05,3.801532e-05,1.7303326e-05,-3.7841255e-05,-2.4839255e-05,-2.1112477e-05,4.2786967e-05,-5.624938e-05,4.866529e-06
V36,3.7395595e-05,5.706613e-05,-1.0893789e-05,4.6497913e-05,-2.4753574e-05,-1.0019418e-05,-2.7090482e-06,-0.0001242257,1.968368e-05,-1.8576784e-05,4.5495567e-06,1.4970794e-05,-4.0861423e-06,3.6828624e-05,2.6881211e-05,2.3128085e-05,5.51388e-05,1.017648e-05,1.432472e-05,1.8492292e-05,5.2409374e-05,3.0078723e-05,4.1949927e-05,-2.1259451e-05,1.9065748e-05,-7.41442e-05,2.0474172e-05,-4.6069294e-05,2.580623e-07,-9.0340145e-05,-1.4027826e-05,8.0283615e-05,-2.6386033e-06,-1.1107521e-05,-5.487709e-05,-5.1546558e-05,-2.309447e-05,4.9312304e-05,4.7760775e-05,8.481716e-05,-1.3766949e-06,-5.6790097e-05,7.282026e-05,0.0039064535,-6.7166015e-06,-1.770244e-05,-2.7459038e-05,1.7434333e-05,5.1866562e-05,7.378316e-05
V37,1.2125531e-05,7.50909e-06,2.6667049e-05,-8.954315e-06,-1.9004383e-05,4.038135e-05,-8.424304e-06,-0.00012552994,-7.2405896e-06,1.0194871e-06,2.7304577e-05,-1.1691573e-06,-2.489099e-05,-4.0023155e-05,3.5365345e-06,1.2320599e-05,2.0179104e-05,1.5297472e-05,-3.7342383e-05,1.760994e-05,-3.588365e-05,-2.724184e-05,3.7928057e-05,-9.538358e-06,7.874909e-05,2.4096515e-05,-4.677352e-05,1.1572001e-05,3.391722e-05,-3.3233468e-05,-9.543225e-06,7.0572925e-05,2.3266197e-05,-3.27752e-05,-4.5418456e-05,7.3074894e-05,7.494367e-06,-4.6931917e-05,5.194759e-06,-0.014956049,-0.04243132,-5.4720917e-06,-3.1978296e-05,-8.794621e-05,3.85296e-05,-7.485277e-06,-1.34246e-05,-1.3233007e-05,4.8838076e-05,3.8446888e-06
V38,7.6790514e-07,-4.93259e-06,7.402387e-05,-1.7053819e-05,-1.7387465e-05,1.0716187e-07,5.5329685e-05,-2.3804161e-05,4.582545e-05,-7.681089e-06,8.165923e-06,9.545142e-07,-5.5590073e-05,-2.7798184e-05,1.9483126e-05,2.0821195e-05,6.1782004e-05,9.279461e-06,-6.417255e-05,3.3037726e-05,1.3746907e-05,1.2113272e-05,1.6767332e-05,1.8858951e-05,2.8539753e-05,2.776067e-05,-3.5029425e-05,4.8647103e-06,3.7943578e-06,-4.014918e-05,-3.7211319e-06,8.787145e-06,-5.296745e-05,6.384415e-05,-6.9740134e-05,1.9991066e-06,-3.130801e-05,4.094354e-05,1.0884527e-05,1.1231501e-05,-1.9281413e-05,-3.5206496e-05,-0.015369609,-1.9476298e-05,-8.504071e-05,-1.0435412e-05,-4.514431e-05,4.9546772e-05,-8.760734e-06,-1.5720856e-05
V39,2.4022285e-05,-9.772522e-06,-2.6370846e-05,-5.8339152e-05,-9.289512e-06,-5.7256457e-06,2.141394e-05,6.34541e-05,3.6850317e-05,-8.200105e-05,2.977031e-05,-4.9721697e-05,-2.632067e-05,2.845742e-05,-1.5581214e-05,-9.02411e-05,4.195074e-06,5.940389e-05,-6.3571584e-05,1.0696106e-05,2.240661e-05,-1.2855792e-05,4.3709337e-05,-3.7846487e-05,-9.871356e-06,1.1572141e-05,6.603264e-05,-2.0887184e-05,-5.6060653e-06,3.839188e-05,8.68897e-06,6.423633e-05,-3.5070232e-06,-2.8766737e-05,9.14654e-06,-5.1173563e-05,-3.109364e-05,1.0238044e-06,-2.5945927e-05,-1.3996136e-05,-5.435129e-05,-4.7492285e-05,-5.5600558e-05,-5.5932524e-05,7.6407883e-07,-2.851711e-05,-6.433394e-05,-5.0334897e-06,-3.1750707e-05,0.19432604
V40,1.7089591e-05,-2.1221429e-05,4.2757445e-05,1.4185643e-05,-6.0779366e-05,3.1106287e-05,3.184073e-05,1.24829585e-05,7.252914e-05,2.965421e-05,-1.4264441e-05,4.3481326e-05,7.664111e-06,0.00011156979,6.409013e-06,3.8159546e-06,3.167387e-05,-1.3267139e-05,-6.956146e-05,-3.95113e-05,-9.850363e-06,2.2941853e-05,-4.575257e-05,-6.7467745e-06,5.0662613e-05,-2.953759e-05,-4.4991e-05,2.3284343e-05,1.4005001e-05,-3.074615e-05,-7.482773e-05,2.0849368e-05,-3.5634355e-05,-6.4578144e-06,-7.1101535e-06,-3.15476e-05,3.544773e-05,5.841506e-06,-1.6054455e-05,1.7855157e-06,0.0064582964,0.008458942,6.3694446e-05,7.3117786e-05,-1.3178643e-05,3.0225925e-05,-5.8983424e-05,-4.7131434e-05,3.653786e-05,-6.945822e-06
V41,-6.4740125e-05,-4.6071862e-05,8.408648e-05,6.084939e-05,-2.9063172e-05,3.2327822e-05,9.2313685e-06,1.7865834e-05,3.0134011e-05,7.610917e-05,-4.2000953e-05,-3.0359475e-05,-2.935545e-05,1.5810612e-05,-2.3250032e-05,-5.1596493e-05,2.8496712e-05,8.680981e-06,-3.7098307e-05,3.8693528e-05,-3.7828737e-05,-6.6190005e-05,4.8463335e-05,-7.506174e-06,-2.1169295e-05,1.5220036e-05,-5.587152e-05,2.3149232e-05,1.4394687e-06,-3.6795427e-05,-2.9008072e-06,1.1911317e-05,3.7362865e-05,-2.48539e-05,-1.7148708e-05,-4.771728e-05,-2.1976099e-05,5.8776213e-06,4.513154e-05,3.2275977e-05,5.5905428e-05,2.7969802e-05,-2.3219109e-05,4.8448015e-05,-8.455773e-06,-1.5954825e-05,-5.094948e-05,-0.0183503,-4.9696417e-05,2.549692e-05
V42,9.57369e-06,-5.1763258e-05,5.026772e-05,3.7057955e-05,9.429452e-06,5.2421356e-06,5.6607754e-05,-5.8766505e-05,5.5927252e-05,3.1260173e-05,5.0042312e-05,3.5335088e-05,-2.85451e-05,1.092909e-05,1.7679642e-05,-2.5250758e-05,1.5287069e-05,3.1960048e-05,-1.3321241e-05,-5.2835538e-05,-2.5419374e-06,-6.557397e-05,2.451903e-05,1.3514576e-05,2.259918e-05,-2.460517e-05,4.059178e-05,8.8729985e-06,1.3164764e-05,4.018901e-06,-2.0404277e-05,1.9897356e-05,-2.6147924e-05,-2.1885318e-05,-6.7706e-05,3.1828783e-06,4.006518e-05,-2.2944003e-05,-2.9817285e-05,-4.567627e-06,3.1805674e-05,-6.6945024e-05,4.876223e-05,0.013893339,-5.194486e-05,-6.66604e-05,-1.29014925e-05,4.173746e-05,-9.1170914e-05,-4.216439e-05
V43,-3.6915375e-05,1.3391182e-05,-2.236576e-05,-1.3727211e-05,-1.1910417e-05,-3.3844735e-05,4.1866906e-06,-2.8920862e-05,2.579638e-06,-3.0470133e-05,-5.7504374e-05,5.9464644e-05,-2.6986832e-05,1.539374e-05,-5.4778593e-06,1.3162603e-05,-3.124718e-06,-1.7860206e-05,-5.1846157e-05,4.6422338e-05,-4.1789393e-05,4.755046e-05,2.0381933e-05,-3.254269e-06,-5.536687e-05,4.6062505e-06,-3.3891138e-05,1.9784173e-05,-2.3873508e-05,-1.5511298e-05,1.3613451e-05,-2.0903279e-05,-5.581219e-06,5.7168847e-05,6.680167e-06,-1.495409e-06,-5.3603744e-05,7.2033705e-05,1.01579735e-05,2.7697684e-05,3.200597e-05,3.9689745e-05,-3.27674e-05,-6.545815e-06,0.0010499131,1.7978453e-05,9.1398e-06,-0.029035842,2.8189292e-05,-6.1603714e-05
V44,-6.3622894e-05,1.0234575e-05,6.7609406e-05,1.6910155e-05,-8.316404e-06,-1.4865482e-05,2.8542678e-05,-3.399509e-05,-4.8204406e-06,-6.936403e-05,-6.4478525e-05,-4.6314482e-05,5.038501e-05,5.4105065e-05,-4.2766158e-05,-1.3496673e-05,3.9882892e-05,9.355039e-06,-4.759311e-06,-3.5942958e-05,2.073347e-06,-2.1101681e-05,4.484481e-05,-5.1546635e-06,-2.7996814e-06,1.5639004e-06,4.237951e-06,-6.244277e-05,-1.831609e-05,1.6755072e-05,-8.064152e-05,-2.4660978e-05,4.500656e-05,2.1989474e-06,-1.3937806e-05,1.2253067e-05,-2.2246453e-05,4.2593388e-06,-2.5438098e-05,-6.750784e-05,-3.1245087e-05,-2.2602888e-08,-9.488002e-05,2.8381537e-05,4.7097255e-05,0.49491596,-3.3006796e-05,9.577802e-07,1.0524455e-05,6.236093e-05
V45,-1.0919679e-05,-4.6842833e-05,2.084648e-05,2.1571836e-06,-3.7662085e-05,-5.4139146e-05,-4.0334293e-05,2.7538836e-05,-3.4596808e-06,-1.1669777e-05,-1.1292936e-05,2.6163925e-05,-0.00012235357,1.2192512e-05,2.3153703e-05,1.8983457e-05,1.791549e-05,-1.1265185e-05,8.231019e-05,-2.4464039e-06,-7.4592904e-06,1.1248249e-05,2.9778392e-05,-1.0629935e-05,5.8032806e-06,5.095762e-06,-5.600285e-05,-3.084847e-05,-3.467059e-05,-7.016756e-05,2.8045802e-06,5.362531e-05,2.4600553e-05,6.538433e-06,2.6643087e-05,-7.070372e-05,-4.062901e-06,1.3126771e-05,5.9302783e-05,-2.0511081e-05,2.5440718e-06,-2.4995896e-05,-3.7185164e-05,-3.0283925e-06,-5.1817773e-05,0.009765051,-9.911545e-06,-1.1719753e-05,-3.1582862e-05,7.7964636e-05
V46,-7.846282e-06,4.1821186e-06,4.3144806e-05,-3.7347254e-05,-3.911635e-05,7.0222966e-05,-7.041438e-07,-0.00010428826,-3.497457e-05,1.7500202e-05,3.7711172e-05,-6.223079e-05,5.2280247e-05,1.0342457e-05,6.042157e-05,-5.177712e-05,9.10328e-05,-3.3029766e-05,-2.3050554e-05,-3.3615783e-05,-4.512851e-05,8.737687e-08,-8.218134e-06,-5.640817e-05,-7.787007e-05,2.6709129e-05,1.8771707e-05,-2.112044e-05,-1.8937335e-05,6.9110706e-06,1.4488064e-05,1.1695681e-06,6.205023e-06,1.2888375e-05,-7.019068e-07,-2.244474e-06,-2.9640145e-05,4.431627e-05,-2.7609936e-05,9.397105e-06,6.9397676e-05,-2.6770904e-06,-5.857928e-05,3.6108093e-05,2.0424508e-05,3.0039866e-05,-3.0787556e-05,4.8790644e-05,0.00030459516,1.8446359e-05
V47,5.633252e-05,1.1615645e-06,-4.2116353e-05,9.2995115e-06,-3.8646624e-05,1.4945194e-05,-5.791242e-07,-2.3203078e-05,-1.6779226e-05,-3.473793e-05,-1.5234878e-06,9.173323e-06,-5.1172956e-05,-6.847823e-05,-3.7940394e-05,-2.0379017e-05,3.677131e-05,-2.4892392e-05,4.068215e-06,4.7332338e-05,-3.4022216e-06,-1.0176355e-05,4.1104113e-06,1.4158565e-05,-2.6334354e-05,-4.5242545e-05,-3.0158348e-05,-1.7197617e-05,-3.784375e-05,4.4084365e-05,-1.1012764e-05,3.2122985e-05,8.497694e-05,-4.907201e-05,-1.7333597e-05,4.832781e-05,6.483378e-06,2.3243325e-05,-2.0806362e-06,-0.00010533767,-4.8934767e-06,-2.5206236e-05,-2.7700352e-07,2.0182595e-05,-6.406756e-05,-7.5866083e-06,3.0115878e-05,-3.873593e-05,-5.1047748e-05,2.7540296e-05
V48,2.168037e-05,-4.604579e-05,2.4405872e-05,3.1243108e-05,3.838951e-05,-1.5343237e-05,3.2155374e-05,3.13852e-05,5.7561306e-07,-6.735467e-06,-7.767844e-05,-6.342563e-05,2.9725921e-05,-3.461865e-05,2.4267018e-05,-1.1672095e-05,3.054631e-05,-7.88345e-05,8.10676e-05,2.4718509e-05,-2.5320976e-05,2.3310826e-05,7.129037e-06,1.7091787e-05,-9.008044e-05,-4.1743106e-06,-2.9889174e-05,-1.7097262e-05,-1.7274517e-05,3.1962016e-05,-1.2851227e-05,-6.0428287e-05,-1.036161e-05,-5.6164172e-05,1.7046375e-05,1.9654217e-05,-1.963283e-05,-1.3774237e-05,-7.0723554e-06,-1.4524176e-06,1.922884e-05,1.6767754e-06,-9.2785945e-07,3.6388465e-05,2.2878237e-05,-6.48978e-06,-1.2126518e-06,-6.584109e-06,3.4050274e-05,0.00272673
V49,5.3556218e-05,-1.9498342e-05,1.137169e-05,-3.425873e-05,1.0662532e-05,-4.0255884e-05,3.0002718e-06,3.2915064e-05,2.7170017e-05,-7.304929e-05,-1.8336887e-05,2.0098848e-06,-2.5272595e-05,-9.532218e-06,3.1181426e-05,2.7107038e-05,3.9038357e-05,2.343092e-05,-8.477417e-06,6.945374e-08,-3.9067225e-05,7.0587565e-05,2.0575342e-05,-5.591136e-05,-1.62534e-06,9.3822964e-05,3.869516e-05,9.64677e-06,5.931169e-06,-2.146645e-05,1.7469923e-05,6.6150606e-06,-6.8723755e-05,4.6020745e-05,7.004086e-06,-4.6668032e-05,-5.1851143e-06,-4.3909204e-05,1.9846662e-05,3.61611e-05,-2.3080202e-05,-3.077822e-05,-5.9488088e-05,-9.047022e-06,-6.193316e-05,-6.431351e-05,-0.0001142881,3.3118977e-05,-7.1529844e-06,0.0023205755
V50,6.1229016e-06,8.916787e-06,7.8097755e-06,-1.6258324e-05,1.556056e-06,-3.8175727e-05,2.4144232e-05,5.208381e-05,-3.9822503e-06,1.4152296e-05,0.00011142942,-6.0793416e-05,0.000118850934,3.41046e-05,2.0013824e-05,-2.2027622e-05,3.46157e-05,-6.0737068e-05,-5.362682e-05,8.357329e-06,-4.6614758e-05,-3.20181e-05,-3.5598518e-05,3.850123e-06,-2.9596287e-05,6.9061316e-05,-1.227941e-05,-5.2809064e-05,2.149839e-05,3.858873e-06,-2.6086935e-05,5.1531708e-05,8.4040687e-07,-1.1900578e-05,-9.084762e-05,1.3825056e-05,1.43085035e-05,2.0508834e-05,-3.2163494e-05,5.0221643e-05,-5.327736e-06,4.1149528e-05,5.6125384e-05,-1.593538e-06,1.1685202e-06,1.5673057e-05,-8.191819e-05,4.0676828e-06,-6.182719e-05,-1.1265462e-05
